{
    "name": "DS_MissingIdsCsv",
    "properties": {
        "linkedServiceName": {
            "type": "LinkedServiceReference",
            "referenceName": "LS_ADLS"
        },
        "type": "DelimitedText",
        "typeProperties": {
            "location": {
                "type": "AzureBlobFSLocation",
                "folderPath": "@{dataset().folderPath}",
                "fileName": "@{dataset().fileName}"
            },
            "columnDelimiter": ",",
            "quoteChar": "\"",
            "escapeChar": "\"",
            "firstRowAsHeader": true
        },
        "schema": [
            {
                "name": "id",
                "type": "String"
            }
        ],
        "parameters": {
            "folderPath": {
                "type": "String",
                "defaultValue": "landing"
            },
            "fileName": {
                "type": "String",
                "defaultValue": "missing_id.csv"
            }
        },
        "annotations": []
    }
}
