{
    "name": "DataFlow_JoinMissingIds",
    "properties": {
        "type": "MappingDataFlow",
        "typeProperties": {
            "sources": [
                {
                    "name": "CsvIds",
                    "dataset": {
                        "referenceName": "DS_MissingIdsCsv",
                        "type": "DatasetReference",
                        "parameters": {
                            "folderPath": {
                                "value": "@dataflow().parameters.folderPath",
                                "type": "Expression"
                            },
                            "fileName": {
                                "value": "@dataflow().parameters.fileName",
                                "type": "Expression"
                            }
                        }
                    },
                    "type": "DelimitedTextSource",
                    "schemaLinkedService": null
                },
                {
                    "name": "SqlTable",
                    "dataset": {
                        "referenceName": "DS_AzureSql_TargetTable",
                        "type": "DatasetReference",
                        "parameters": {
                            "tableName": {
                                "value": "@dataflow().parameters.tableName",
                                "type": "Expression"
                            }
                        }
                    },
                    "type": "AzureSqlSource",
                    "schemaLinkedService": null
                }
            ],
            "transformations": [
                {
                    "name": "NormalizeCsvId",
                    "type": "DerivedColumn",
                    "incomingStreams": [
                        "CsvIds"
                    ],
                    "typeProperties": {
                        "columns": [
                            {
                                "name": "id_norm",
                                "expression": "toLower(trim(toString(byName(dataflow().parameters.idColumn, 'id'))))"
                            }
                        ]
                    }
                },
                {
                    "name": "NormalizeSqlId",
                    "type": "DerivedColumn",
                    "incomingStreams": [
                        "SqlTable"
                    ],
                    "typeProperties": {
                        "columns": [
                            {
                                "name": "id_norm",
                                "expression": "toLower(trim(toString(byName(dataflow().parameters.idColumn, 'id'))))"
                            }
                        ]
                    }
                },
                {
                    "name": "JoinCsvWithSql",
                    "type": "Join",
                    "incomingStreams": [
                        "NormalizeCsvId",
                        "NormalizeSqlId"
                    ],
                    "typeProperties": {
                        "joinType": "Inner",
                        "conditions": [
                            {
                                "left": "NormalizeCsvId.id_norm",
                                "right": "NormalizeSqlId.id_norm",
                                "operator": "Equals"
                            }
                        ]
                    }
                }
            ],
            "sinks": [
                {
                    "name": "SinkOutput",
                    "dataset": {
                        "referenceName": "DS_OutputCsv",
                        "type": "DatasetReference",
                        "parameters": {
                            "folderPath": {
                                "value": "@dataflow().parameters.outputFolder",
                                "type": "Expression"
                            },
                            "fileName": {
                                "value": "@dataflow().parameters.outputFile",
                                "type": "Expression"
                            }
                        }
                    },
                    "type": "DelimitedTextSink",
                    "incomingStreams": [
                        "JoinCsvWithSql"
                    ],
                    "typeProperties": {
                        "formatSettings": {
                            "type": "DelimitedTextWriteSettings",
                            "quoteAllText": false
                        }
                    }
                }
            ],
            "script": ""
        },
        "parameters": {
            "folderPath": {
                "type": "String",
                "defaultValue": "landing"
            },
            "fileName": {
                "type": "String",
                "defaultValue": "missing_id.csv"
            },
            "tableName": {
                "type": "String",
                "defaultValue": "dbo.missing_table_name"
            },
            "idColumn": {
                "type": "String",
                "defaultValue": "id"
            },
            "outputFolder": {
                "type": "String",
                "defaultValue": "curated/join_output"
            },
            "outputFile": {
                "type": "String",
                "defaultValue": "joined.csv"
            }
        },
        "annotations": []
    }
}
