{
    "name": "DS_OutputCsv",
    "properties": {
        "linkedServiceName": {
            "type": "LinkedServiceReference",
            "referenceName": "LS_ADLS"
        },
        "type": "DelimitedText",
        "typeProperties": {
            "location": {
                "type": "AzureBlobFSLocation",
                "folderPath": "@{dataset().folderPath}"
            },
            "columnDelimiter": ",",
            "quoteChar": "\"",
            "escapeChar": "\"",
            "firstRowAsHeader": true
        },
        "parameters": {
            "folderPath": {
                "type": "String",
                "defaultValue": "curated/join_output"
            },
            "fileName": {
                "type": "String",
                "defaultValue": "joined.csv"
            }
        },
        "annotations": []
    }
}
