{
    "name": "DS_AzureSql_TargetTable",
    "properties": {
        "linkedServiceName": {
            "type": "LinkedServiceReference",
            "referenceName": "LS_AzureSql"
        },
        "type": "AzureSqlTable",
        "typeProperties": {
            "tableName": "@{dataset().tableName}"
        },
        "parameters": {
            "tableName": {
                "type": "String",
                "defaultValue": "dbo.missing_table_name"
            }
        },
        "schema": [],
        "annotations": []
    }
}
