{
    "name": "MDF_JoinMissingIds",
    "properties": {
        "parameters": {
            "folderPath": {
                "type": "string",
                "defaultValue": "landing"
            },
            "fileName": {
                "type": "string",
                "defaultValue": "missing_id.csv"
            },
            "tableName": {
                "type": "string",
                "defaultValue": "dbo.missing_table_name"
            },
            "idColumn": {
                "type": "string",
                "defaultValue": "id"
            },
            "outputFolder": {
                "type": "string",
                "defaultValue": "curated/join_output"
            },
            "outputFile": {
                "type": "string",
                "defaultValue": "joined.csv"
            }
        },
        "activities": [
            {
                "name": "RunDataFlow_JoinMissingIds",
                "type": "ExecuteDataFlow",
                "dependsOn": [],
                "userProperties": [],
                "typeProperties": {
                    "dataflow": {
                        "referenceName": "DataFlow_JoinMissingIds",
                        "type": "DataFlowReference"
                    },
                    "parameters": {
                        "folderPath": {
                            "value": "@pipeline().parameters.folderPath",
                            "type": "Expression"
                        },
                        "fileName": {
                            "value": "@pipeline().parameters.fileName",
                            "type": "Expression"
                        },
                        "tableName": {
                            "value": "@pipeline().parameters.tableName",
                            "type": "Expression"
                        },
                        "idColumn": {
                            "value": "@pipeline().parameters.idColumn",
                            "type": "Expression"
                        },
                        "outputFolder": {
                            "value": "@pipeline().parameters.outputFolder",
                            "type": "Expression"
                        },
                        "outputFile": {
                            "value": "@pipeline().parameters.outputFile",
                            "type": "Expression"
                        }
                    },
                    "compute": {
                        "coreCount": 8,
                        "computeType": "General"
                    }
                },
                "policy": {
                    "timeout": "1.00:00:00",
                    "retry": 0,
                    "retryIntervalInSeconds": 30,
                    "secureOutput": false,
                    "secureInput": false
                }
            }
        ],
        "annotations": []
    }
}
